{
  "packageExtensions" : [ {
    "type" : "eddi://ai.labs.parser",
    "extensions" : { },
    "config" : { }
  }, {
    "type" : "eddi://ai.labs.behavior",
    "extensions" : { },
    "config" : {
      "uri" : "eddi://ai.labs.behavior/behaviorstore/behaviorsets/67ae7cc64d4f60745b5f7d88?version=1"
    }
  }, {
    "type" : "eddi://ai.labs.langchain",
    "extensions" : { },
    "config" : {
      "uri" : "eddi://ai.labs.langchain/langchainstore/langchains/67ae7cc64d4f60745b5f7d89?version=1"
    }
  }, {
    "type" : "eddi://ai.labs.output",
    "extensions" : { },
    "config" : {
      "uri" : "eddi://ai.labs.output/outputstore/outputsets/67ae7cc64d4f60745b5f7d8a?version=1"
    }
  } ]
}